"","alpha","beta","omega","death1","death2","pred_nh40","pred_chl0","gamma","loglik","ttime"
"1",0.00490995381757872,15.2501425197346,22.738673927925,0.00499425245710787,0.000544867557735194,13.7574540929237,37.2421081318023,0.113965186915986,-431.678325662394,54.75
"2",0.00102505638020532,0.358470920876093,36.9988199796161,0.000229979225787227,1.82115900175009e-06,13.1801193093599,193.231478439955,0.00326502421518984,-472.891847391293,36.7799999999997
"3",2.22044604925031e-16,2.22044604925031e-16,2.22044604925031e-16,0.00138417951650754,3.3922941481797e-14,2.22044604925031e-16,1.97020600763795e-10,2.22044604925031e-16,-563.985317151533,24.27
"4",6.58835248594907e-13,3.15877983827638e-14,3.69972179635163e-06,0.00448483822901877,0.248936443065551,0.00952978097788186,54.8414222624674,5.76684741751477e-08,-563.663824742445,31.54
"5",0.000995639880435346,29.3984005960425,437010.760803625,1.44430930075425e-06,3.32135475916479e-08,12.0436697403305,59.2919352369907,0.000833073995957334,-444.714968855366,54.3599999999997
"6",2.22044604925031e-16,2.22044604925031e-16,2.22044604925031e-16,0.00280829354930068,108245.253378498,6.56726266076237e-16,2.61973392007503e-06,2.22044604925031e-16,-563.985316931831,24.52
"7",2.22044604925031e-16,2.22044604925031e-16,2.22044604925031e-16,0.00174100524302416,11039.2906804739,2.22044604925031e-16,8.3741106176504e-05,2.22044604925031e-16,-563.985313803743,25.6900000000001
"8",0.00102143398302483,28.8744114045161,324.27184252929,5.32834786512917e-05,8.45861400400929e-07,12.1170173058,60.6520149223483,0.000169393245652959,-444.840723887171,57.5799999999999
"9",1.10040063184707e-12,1.01559576322809e-11,1.5585924153501e-06,1.59757859508247e-08,2.72079332533491e-09,7.65233643674354,196.936484249275,3.23667057743733e-05,-487.034826094534,35.77
"10",2.22044604925031e-16,2.22044604925031e-16,2.22044604925031e-16,0.00234055580950333,0.368231195421893,2.22044604925031e-16,9.02661135833699e-09,2.22044604925031e-16,-563.985317149659,25.6700000000001
"11",3.8360511310309e-13,1.75058177982464e-11,5.50753840842033e-07,3.55717402790835e-06,2.42580918242089e-07,7.65367013733068,197.018444464566,7.24742899906991e-05,-487.048209340218,39.3900000000003
"12",0.00507233916819946,16.6293476197508,24.6756973195225,0.0177925198346399,0.000642654605742392,13.7233371624559,31.3153976662063,0.0924892665550622,-431.706655765146,85.4699999999998
"13",2.22044604925031e-16,2.22044604925031e-16,2.22044604925031e-16,0.00184485850990667,622.051259574869,2.22044604925031e-16,4.68349158471165e-06,2.22044604925031e-16,-563.985316172289,25.23
"14",1.77233425394628e-11,5.72912771639829e-12,1.05195418835219e-06,0.00367626026708303,0.258621752821028,7.6646006358459,61.4714270015259,3.45990798366486e-06,-527.385928496557,41.73
"15",3.89628434009315e-13,2.29647643211537e-14,6.40664627155271e-06,8.12090370725154e-08,9.27134758388313e-10,7.65230926652756,196.917294599504,1.0056963239469e-07,-487.034750379687,47.5300000000002
"16",0.00102135346992042,29.0038674589985,1480.15428415941,7.00331416723313e-05,1.89581980720593e-09,12.0482703736361,58.8377972232978,0.0016424114970301,-444.728783033613,64.8600000000001
"17",6.06681927297535e-12,3.28204189395497e-14,5.50686157173315e-06,5.53846403482737e-06,5.4773790488744e-08,7.6530550518735,196.918759356549,1.01631528324174e-07,-487.038966490132,39.7199999999998
"18",1.20191866729427e-13,3.70496521772594e-12,2.61518351083555e-07,0.00453755963066835,0.232366735511733,7.65723662400881,62.2563323342258,1.59512921126321e-05,-527.364526514545,48.25
"19",2.22044604925031e-16,2.22044604925031e-16,2.22044604925031e-16,0.00259806781194835,0.000991997854649485,2.22044604925031e-16,2.88850551309535e-07,2.22044604925031e-16,-563.985317090359,24.9400000000001
"20",0.000413267188816874,55.6337143893186,10963.0139675336,4.40871241096527e-05,2.74501935813841e-07,9.87493717104707,81.2877346570223,0.00105012643463939,-448.588353210797,60.5899999999997
"21",1.64379551056897e-13,7.56464342838911e-12,1.8919810782617e-07,0.00308755936809087,2.2568352724371,7.65494903189345,6.93472323948627,2.2753984348348e-05,-527.58825042622,37.3600000000001
"22",2.22044604925031e-16,2.22044604925031e-16,2.22044604925031e-16,0.00241125190187824,0.00356623600526737,2.22044604925031e-16,1.23419597210351e-09,2.22044604925031e-16,-563.985317151313,24.9400000000001
"23",2.22044604925031e-16,2.22044604925031e-16,2.22044604925031e-16,0.00164065797144611,0.00759914496695798,2.22044604925031e-16,1.26836596134249e-07,2.22044604925031e-16,-563.985317124529,25.0099999999998
"24",2.35932665923288e-16,2.22044604925031e-16,17.4424951885292,0.00258108487840244,2.22044604925031e-16,2.22044604925031e-16,2.21321369267393e-09,2.22044604925031e-16,-563.985317151106,25.0799999999999
"25",6.62907260204407e-13,2.49815503997031e-13,1.0123638240263e-06,0.0037006373734566,1.01390358705045,7.65413296144219,5.34723487372049,9.09129546086216e-07,-527.572168102436,34.5500000000002
"26",2.62482488123302e-12,7.74130068472026e-15,6.71664785249851e-06,3.76849137865046e-07,3.68381624205483e-10,7.65607657688245,197.01149486596,1.41091910162673e-08,-487.034736739108,44.9400000000001
"27",0.00525544877033573,16.4570326195049,21.2253516699847,0.00388738645994746,0.000612534493718409,12.5835560779526,30.6516412040465,0.107620009388473,-433.458078110501,36.6300000000001
"28",2.22044604925031e-16,2.22044604925031e-16,2.22044604925031e-16,0.00261639741472479,2.38968777985148e-06,2.22044604925031e-16,1.16034044643499e-09,2.22044604925031e-16,-563.985317151329,25.0800000000004
"29",0.000721450645975134,35.3751665959953,535.989480494327,2.43834921427065e-05,4.22444041969189e-08,11.0632818482729,73.3725137812915,0.003784883842321,-445.396693301365,54.3300000000004
"30",2.22044604925031e-16,2.22044604925031e-16,2.22044604925031e-16,0.00197992048095529,0.00201337158927507,2.22044604925031e-16,3.67601737752279e-07,2.22044604925031e-16,-563.98531707336,25.0900000000001
"31",2.22044604925031e-16,2.22044604925031e-16,2.35041818761034e-13,0.00134569706266533,2.22044604925031e-16,2.22044604925031e-16,3.06375152601348e-10,2.22044604925031e-16,-563.98531715151,25.1399999999999
"32",2.22044604925031e-16,2.22044604925031e-16,2.22044604925031e-16,0.00179943081123964,8.26121325398303e-05,2.22044604925031e-16,2.16225932954437e-11,2.22044604925031e-16,-563.985317151571,2795.52
"33",2.22044604925031e-16,2.22044604925031e-16,2.22044604925031e-16,0.00182457393609001,8.719443078872e-07,2.22044604925031e-16,3.89413429191451e-09,2.22044604925031e-16,-563.985317150746,24.8800000000001
"34",2.22044604925031e-16,2.22044604925031e-16,3.21088637200446e-09,0.00179006320843326,2.67589492123704e-11,2.22044604925031e-16,6.40966421616985e-11,2.22044604925031e-16,-563.985317151562,24.1199999999999
"35",2.22044604925031e-16,2.22044604925031e-16,2.22044604925031e-16,0.00267560195473898,3.47183764285547e-07,2.22044604925031e-16,1.33361263391711e-10,2.22044604925031e-16,-563.985317151547,24.0100000000002
"36",2.22044604925031e-16,2.22044604925031e-16,3.44533100556096e-15,0.00159969054943968,2.22044604925031e-16,2.22044604925031e-16,1.29945419574841e-09,2.22044604925031e-16,-563.985317151298,24.3299999999999
"37",7.06613496176083e-13,1.78524450591789e-14,6.09425599598651e-06,7.74612770397379e-11,9.24536728129221e-12,7.65493685725375,196.900535997766,3.87813357701007e-08,-487.034621684018,40.6099999999997
"38",1.42292820563069e-11,1.54246719354475e-11,1.50905580976007e-06,0.00319821862928597,0.223836011166716,7.66004431961419,68.4518592089265,6.03479457916689e-06,-527.370971043835,38.4400000000005
"39",2.18762133446796e-11,9.96256135092542e-13,1.95622683445554e-06,0.0041286395775234,0.226670569541081,7.66411180737644,69.4650906301361,4.45646534885105e-07,-527.378078848171,33.21
"40",0.000957711123689999,0.572859155436625,45.3121045441067,6.95032080609721e-05,7.57295101193326e-07,13.0662449529524,193.218248156786,0.00300729350350979,-472.400075286829,41.2300000000005
"41",0.000989621554772164,28.4223419798742,336.620282486607,5.40886838374055e-05,2.32194170769666e-07,12.0907579680585,64.7500008658378,0.00408321795893954,-444.795745948841,52.5199999999995
"42",2.22044604925031e-16,2.22044604925031e-16,2.22044604925031e-16,0.00171301982533271,1.12655340607328e-12,2.22044604925031e-16,1.24901084694324e-09,2.22044604925031e-16,-563.985317151309,23.96
"43",0.000988588516411532,29.4578488618311,10997.5222467932,6.05292760828886e-05,5.22932725267507e-08,11.8538324077853,60.8414180510743,0.00366283117014034,-444.627494025876,84.1499999999996
"44",2.22044604925031e-16,2.22044604925031e-16,2.22044604925031e-16,0.00501313823133398,2213633714.93917,1.02167988487886e-14,1.11073340052025e-09,2.22044604925031e-16,-563.985317151553,24.0200000000004
"45",1.13807401791321e-12,2.36180344627903e-12,3.32312280021761e-07,0.00426076293083242,1.57353619535691,7.65327128766165,3.85795993992832,4.25490717821122e-06,-527.592515593625,31.1400000000003
"46",4.19204908228244e-12,1.15900269786061e-12,5.08982174686648e-07,0.00419394809635815,0.286184949732778,7.65374482153603,51.6493070382951,1.89981327682593e-06,-527.385645644374,38.9399999999996
"47",0.00104537084287823,27.8360273501805,4548.7833859704,8.35876025295489e-05,4.3586647943288e-07,12.2396712092729,59.9154421457389,0.000247490861277652,-444.727678118408,64.25
"48",1.72840462104623e-12,1.17685409140718e-12,9.61667500211534e-07,0.00342401575000743,0.663811567719519,7.65568889143778,6.81625653550617,2.98324621215583e-06,-527.545837407794,30.4200000000001
"49",2.22044604925031e-16,2.22044604925031e-16,2.22044604925031e-16,0.00238537536124768,0.302523270816147,2.22044604925031e-16,7.33140886443137e-08,2.22044604925031e-16,-563.985317136017,24.8599999999997
"50",1.13045307893591e-12,4.12694112455383e-12,1.14760849323792e-07,0.00365126112419435,1.42722121057923,7.65665750660666,10.6219256778389,9.45441863685289e-06,-527.563477181999,39.2799999999997
"51",0.00101535492757033,28.4428596599761,757.721068922851,4.25980781156701e-05,2.14024407673434e-07,12.1090260908187,61.0899546358523,0.00260746360750388,-444.726209427013,83.4699999999993
"52",2.22044604925031e-16,2.22044604925031e-16,2.5043607504012e-12,0.00201291941014917,2.11857742698391e-11,2.22044604925031e-16,9.31324907743638e-14,2.22044604925031e-16,-563.985317151575,78.5900000000001
"53",2.22044604925031e-16,2.22044604925031e-16,9.30270489777097e-12,0.00207343326025288,2.04617870623143e-14,2.22044604925031e-16,5.55953298664967e-10,2.22044604925031e-16,-563.985317151457,59.8499999999995
"54",2.57144258329178e-12,9.86372792720354e-12,1.3992628496782e-07,0.0028602608946178,1.14468799745336,7.65493825122542,12.2253771539098,1.60174479648867e-05,-527.550283002859,77.9099999999999
"55",8.33620778151811e-12,3.99141675748831e-13,1.05664931180637e-06,2.95391789205259e-06,7.29634457679993e-11,7.65282979233742,196.984732295032,1.13515614012088e-06,-487.035458794664,45.46
"56",2.22044604925031e-16,2.22044604925031e-16,9.02307589221686e-13,0.00226542427475925,2.40541627110378e-14,2.22044604925031e-16,2.41018730209442e-12,2.22044604925031e-16,-563.985317151575,24.1999999999998
"57",2.22044604925031e-16,2.22044604925031e-16,2.22044604925031e-16,0.00220882928589028,156615.981155896,2.22044604925031e-16,5.75024122261242e-07,2.22044604925031e-16,-563.985317071721,26.7200000000003
"58",2.22044604925031e-16,2.22044604925031e-16,2.22044604925031e-16,0.00420145006349494,1396424.61508555,2.22044604925031e-16,3.9546142174441e-07,2.22044604925031e-16,-563.985317129404,23.6899999999996
"59",2.22044604925031e-16,2.22044604925031e-16,2.51173414173551e-06,0.00221948586701393,2.22044604925031e-16,2.22044604925031e-16,7.00068369285813e-12,2.22044604925031e-16,-563.985317151574,24.5300000000007
"60",0.00102709242750204,29.3260275399741,5462.29174192415,1.72446434591634e-07,5.1975812749941e-09,11.9115281402338,58.2379744376749,0.00042693310753686,-444.694004676918,158.62
"61",2.85360318930308e-12,4.30638169237019e-14,1.85813739368023e-06,5.77063159627224e-07,2.76526856345891e-11,7.65202428198372,196.920550607246,3.15590912286691e-07,-487.034842027122,103.72
"62",2.22044604925031e-16,2.22044604925031e-16,2.22044604925031e-16,0.00212869483497188,331.795558059512,2.22044604925031e-16,1.51906339867915e-08,2.22044604925031e-16,-563.985317148346,91.96
"63",0.00103666475566388,28.5705280861771,2305.82849883216,1.98932040232533e-05,2.6021907352374e-07,12.1460892280865,58.6588571705122,0.0758049850996834,-444.728007890681,97.4800000000005
"64",0.00106952863249235,28.4570169926896,2225.09593808689,8.91110294244164e-08,1.12072356269827e-10,12.0812823632807,58.1942220374173,0.00124628803791363,-444.754613499519,94.9499999999998
"65",0.000810727445495549,0.0974820671387987,1774.66236372784,1.29250319068815e-05,5.49528823787821e-08,13.0770697565945,196.84684926963,0.00014323798002816,-472.432470913117,60.7799999999997
"66",0.00101229628338436,29.5309393229836,249.366134686254,9.08934639134636e-05,5.01467079023837e-07,11.8723662206467,61.2129950453607,0.00141755998524661,-444.798887711494,105.25
"67",1.91047202488494e-13,6.23302487287252e-12,4.77019878166381e-07,0.00367523833492326,3.0760680125137,7.65295218143467,5.03786617069392,1.66183284730266e-05,-527.600495334088,55.4699999999993
"68",3.21110480821888e-13,6.48682060932204e-12,7.80917948702754e-07,0.00286947864572417,0.278137808201243,7.65636061355759,51.8607757566612,1.79460771987432e-05,-527.381801322678,47.1000000000004
"69",2.22044604925031e-16,2.22044604925031e-16,7.80834464155947e-09,0.00247383298007932,4.12990757446121e-10,2.22044604925031e-16,8.1727880959397e-11,2.22044604925031e-16,-563.985317151558,36.5300000000007
"70",2.22044604925031e-16,2.22044604925031e-16,2.22044604925031e-16,0.00324114542070121,31.5992647301335,2.22044604925031e-16,6.43529693816179e-11,2.22044604925031e-16,-563.985317151562,30.4200000000001
"71",1.11290985995823e-12,5.25835003700731e-15,1.31126676971415e-05,4.47037235807179e-10,1.88949154112528e-12,7.652069495368,196.920543813604,1.86990967420899e-08,-487.034687409842,67.7199999999993
"72",2.22044604925031e-16,2.22044604925031e-16,2.22044604925031e-16,0.00247802262405117,17238.0013780326,2.22044604925031e-16,0.000718296621023535,2.22044604925031e-16,-563.98531139448,34.7800000000007
"73",2.22044604925031e-16,2.22044604925031e-16,4.51702847758644e-06,0.00235334427198084,7.61506345761059e-15,2.22044604925031e-16,2.26080968324553e-11,2.22044604925031e-16,-563.98531715157,36.4499999999989
"74",2.22044604925031e-16,2.22044604925031e-16,2.22044604925031e-16,0.00203701638228718,4.39801195288306e-13,2.22044604925031e-16,8.02806838179242e-10,2.22044604925031e-16,-563.985317151405,28.8299999999999
"75",2.64592561085314e-13,5.60585436988104e-12,6.35957228217225e-08,0.00263277656076484,0.206661766962875,7.65407454225123,77.1856963784931,2.14557082932806e-05,-527.38634285121,58.7299999999996
"76",2.22044604925031e-16,2.22044604925031e-16,2.22044604925031e-16,0.00190922066829256,7.43460226405885e-10,2.22044604925031e-16,9.10932320517961e-10,2.22044604925031e-16,-563.985317151381,34.1100000000006
"77",8.08268141881052e-13,8.83807586413338e-13,9.63200005421799e-07,3.80310481138125e-07,3.18318938332568e-10,7.65205676597969,196.922088725337,2.758557529419e-06,-487.034804351317,52.2199999999993
"78",3.26949616169588e-12,1.56801665694643e-11,2.11773472257964e-07,0.00325314715061917,0.0439526932888093,7.65058471492915,116.851808753339,1.51752077985645e-05,-526.876858493012,68.8299999999999
"79",2.22044604925031e-16,2.22044604925031e-16,2.88417700396949e-06,0.00104810522561778,2.22044604925031e-16,2.22044604925031e-16,1.06905494792205e-13,2.22044604925031e-16,-563.985317151575,27.8299999999999
"80",2.22044604925031e-16,2.22044604925031e-16,2.22044604925031e-16,0.0021507315542473,6.97920262330461e-13,2.22044604925031e-16,6.39545444372914e-08,2.22044604925031e-16,-563.985317137983,29.5300000000007
"81",2.22044604925031e-16,2.22044604925031e-16,2.22044604925031e-16,0.00365459909313907,904372.336189713,2.22044604925031e-16,8.47838254845452e-06,2.22044604925031e-16,-563.985317066669,39.3899999999994
"82",2.22044604925031e-16,2.22044604925031e-16,2.22044604925031e-16,0.00251867327940167,3082.13897168002,2.22044604925031e-16,8.59560908349817e-06,2.22044604925031e-16,-563.985315585007,34.4500000000007
"83",0.00104686862159048,28.3761457433099,1049.85491198235,8.82103543269086e-05,6.65327937034018e-07,12.1785843873233,58.8756077620917,0.00728992134860719,-444.764901751168,76.1299999999992
"84",2.22044604925031e-16,2.22044604925031e-16,2.22044604925031e-16,0.00264749533520383,0.0137929437418384,2.22044604925031e-16,5.71946687939012e-07,2.22044604925031e-16,-563.9853170304,28.1200000000008
"85",2.22044604925031e-16,2.22044604925031e-16,2.22044604925031e-16,0.00252104093227582,2.18190277881955e-07,2.22044604925031e-16,4.10263193973177e-08,2.22044604925031e-16,-563.985317142876,27.369999999999
"86",5.95093415129996e-13,1.10505125922513e-12,1.30858934760696e-06,0.004683355084476,0.0871858589785832,7.65362936662417,78.0258076602846,2.60553992629258e-06,-527.11102574641,46.25
"87",2.22044604925031e-16,2.22044604925031e-16,2.22044604925031e-16,0.0029741025104729,5.44532707684318e-10,2.22044604925031e-16,2.35138611059286e-08,2.22044604925031e-16,-563.985317146604,26.2399999999998
"88",2.22044604925031e-16,2.22044604925031e-16,2.22044604925031e-16,0.00280620991257164,1.55775924983547e-05,2.22044604925031e-16,1.71147176459347e-07,2.22044604925031e-16,-563.985317115352,26.4099999999999
"89",5.04463072500065e-13,2.85577770343044e-13,5.34916419708144e-06,3.31975225434891e-08,2.30326934890539e-09,7.65737581234227,196.899165582378,1.37711478420055e-06,-487.03470928398,45.4099999999999
"90",2.22044604925031e-16,2.22044604925031e-16,2.22044604925031e-16,0.00229584489056076,8.99020872851372e-06,2.22044604925031e-16,1.8308357413336e-10,2.22044604925031e-16,-563.985317151536,26.6399999999994
"91",2.22044604925031e-16,2.22044604925031e-16,2.22044604925031e-16,0.00182035501701957,151772.36536315,2.22044604925031e-16,2.47579044984381e-07,2.22044604925031e-16,-563.985317108714,46.6599999999999
"92",2.22044604925031e-16,2.22044604925031e-16,2.22044604925031e-16,0.00261508939230125,2169.5071446709,2.22044604925031e-16,3.56374674127015e-07,2.22044604925031e-16,-563.985317076425,31.5199999999986
"93",2.22044604925031e-16,2.22044604925031e-16,2.22044604925031e-16,0.00257942242630243,0.612172051912684,2.22044604925031e-16,4.4560076131136e-08,2.22044604925031e-16,-563.98531714213,31.6200000000008
"94",0.00086046758794915,0.00273969892282671,105.242154830213,2.66981007796942e-07,2.00923777443649e-08,13.058994437871,195.816817509362,0.000140629862013829,-472.718447473827,87.5500000000011
"95",2.04107895674714e-12,1.51553447515579e-12,7.43690756894781e-07,3.27864953251616e-12,1.26236953248848e-10,7.65203801052188,196.926834649949,4.17061432346356e-06,-487.03469465002,48.5699999999997
"96",0.000929021488279638,30.0553521996541,8821.34779012801,4.46088654019743e-05,2.25800786321494e-07,11.8488640878812,63.5520828230592,0.0121605311930293,-444.647500432275,68.6599999999999
"97",2.22044604925031e-16,2.22044604925031e-16,2.22044604925031e-16,0.00286717189006882,884.378586355292,2.22044604925031e-16,3.79031865387869e-06,2.22044604925031e-16,-563.98531636627,38.2700000000004
"98",0.000960541472863254,29.0213518368205,70650.7571377065,3.21418793365454e-05,1.47902614726084e-07,12.0933190219918,63.2156766727405,0.00171904405849402,-444.701475395896,85.8400000000001
"99",0.00719837513478381,16.1455460606387,7.76992747228916,0.00261086234844737,0.000751512040137676,13.6213407948216,41.1408490435974,0.0926764382842902,-431.219238975969,45.4599999999991
"100",2.22044604925031e-16,2.22044604925031e-16,2.22044604925031e-16,0.0022402255738341,0.29473675791433,2.22044604925031e-16,4.58891770793817e-09,2.22044604925031e-16,-563.985317150601,26.7100000000009
"101",2.22044604925031e-16,2.22044604925031e-16,2.22044604925031e-16,0.00205722228960849,96.8048210254026,2.22044604925031e-16,1.55055118361186e-09,2.22044604925031e-16,-563.985317151245,25.9299999999985
"102",6.77038786491831e-13,2.03842902196279e-13,1.18801976552575e-06,0.00466731756937516,0.168186063368796,7.66245596884678,76.4186607935776,6.50379895396679e-07,-527.325131256356,66.6500000000015
"103",2.90001884269816e-12,5.70606525837213e-14,4.2514860593522e-06,5.2916137356551e-07,4.33076820676124e-10,7.66279011306437,196.974556825874,1.54572520071531e-07,-487.034713149512,45.6399999999994
"104",8.26424835318048e-13,3.9004281245588e-13,3.8921575376869e-07,0.00302248407014218,1.75777703024743,7.65176369504811,6.05967043052642,1.26618672840872e-06,-527.585504642947,47.3999999999996
"105",2.22044604925031e-16,2.22044604925031e-16,1.07132205132894e-12,0.00227474927822521,1.7430533326902e-15,2.22044604925031e-16,7.70132476643662e-10,2.22044604925031e-16,-563.985317151412,43.9499999999989
"106",2.22044604925031e-16,2.22044604925031e-16,5.07246698503578e-14,0.00262525152473818,2.22044604925031e-16,2.22044604925031e-16,5.76492112340485e-11,2.22044604925031e-16,-563.985317151563,62.1599999999999
"107",9.33425533323302e-13,9.42753000693849e-15,2.98171832948702e-06,0.00341885753288763,0.0901871020159478,0.00732782113133597,77.5990577329956,2.12206764534562e-08,-563.433805627046,55.3299999999999
"108",7.25194132593267e-12,8.16750114909154e-13,1.87548276219753e-06,1.0984197156034e-07,2.49499704842078e-11,7.65220868992611,196.923514857864,2.30272272220613e-06,-487.03471370432,42.3899999999994
"109",2.22044604925031e-16,2.22044604925031e-16,1.7240943268438e-12,0.00152780651653385,2.22044604925031e-16,2.22044604925031e-16,2.36873355458238e-12,2.22044604925031e-16,-563.985317151575,29.3999999999996
"110",2.22044604925031e-16,2.22044604925031e-16,2.22044604925031e-16,0.00265103447346719,0.101954233806648,2.22044604925031e-16,3.31177484739081e-10,2.22044604925031e-16,-563.985317151505,27.75
"111",5.87665918249577e-13,1.02603735689904e-11,2.42296354177492e-07,0.0024720818017373,0.336549107948227,7.65731653261663,45.5982604089652,1.89379303425397e-05,-527.408235257298,43.4400000000005
"112",1.68076375209263e-12,9.26362028722522e-14,7.12216533058653e-07,9.69314151302774e-07,1.11426732674697e-08,7.65229783635929,196.914859965261,1.92228673733413e-07,-487.035515445331,58.3300000000017
"113",1.16180682812761e-12,1.59453901745084e-13,9.28151095764197e-07,7.60926846447746e-08,1.5672567784647e-09,7.65368416612729,196.91080434194,7.97512086195558e-07,-487.034748549827,57.1999999999989
"114",2.22044604925031e-16,2.22044604925031e-16,3.69643613508754e-05,0.00202705060435224,7.40033204308719e-09,2.22044604925031e-16,2.87465839473936e-10,4.0148326544479e-15,-563.985317151514,30.7700000000004
"115",2.22044604925031e-16,2.22044604925031e-16,2.22044604925031e-16,0.00303489190283246,1342.24419705059,2.22044604925031e-16,3.21881974610967e-08,2.22044604925031e-16,-563.985317144774,34.4899999999998
"116",5.54698860033905e-12,4.0760006196698e-13,1.40781793132796e-06,0.00240084036662508,0.262921363258868,7.6512367148114,53.4781898198593,5.5242554720266e-07,-527.371805686563,73.0200000000004
"117",2.22044604925031e-16,2.22044604925031e-16,2.22044604925031e-16,0.00263147989332665,3395335.78286337,3.36842522843751e-15,4.31295119300564e-09,2.22044604925031e-16,-563.985317150738,29.7199999999993
"118",0.000122608542555214,2.22044604925031e-16,255425.102008633,0.00167366750984536,2.22044604925031e-16,2.22044604925031e-16,5.16896235844966e-06,2.22044604925031e-16,-563.985316049609,30.4599999999991
"119",5.23643410028617e-13,3.32383236688294e-12,5.07253867544397e-07,0.00206866978118061,0.237713487474705,7.66899893338029,63.8291355012446,7.73833842640257e-06,-527.371415228975,73.6399999999994
"120",2.22044604925031e-16,2.22044604925031e-16,0.295073686368929,0.0028314709003726,2.22044604925031e-16,2.22044604925031e-16,5.42003135188257e-09,2.22044604925031e-16,-563.985317150428,45.1399999999994
"121",2.53383004617103e-12,2.01340819242592e-13,6.02234320801607e-06,1.5790047526567e-07,7.44165369895704e-10,7.66151326273655,196.90593606715,2.77211441697842e-07,-487.034627027456,62.5900000000001
"122",2.22044604925031e-16,2.22044604925031e-16,0.566370673677564,0.00193876034241199,2.22044604925031e-16,2.22044604925031e-16,1.50340531858791e-15,2.22044604925031e-16,-563.985317151575,39.1399999999994
"123",2.22044604925031e-16,2.22044604925031e-16,2.22044604925031e-16,0.00248330632741835,1.36302205956779e-09,2.22044604925031e-16,1.34587788000239e-11,2.22044604925031e-16,-563.985317151572,40.9300000000003
"124",0.000857181971488067,0.0020292297564173,85.6172153331534,7.43963494804043e-08,8.26791603591341e-09,12.9412290724689,197.743861173396,0.00016501182327616,-472.743451345822,48.2800000000007
"125",2.22044604925031e-16,2.22044604925031e-16,0.000165538489967035,0.00195989162904952,2.22044604925031e-16,2.22044604925031e-16,2.67660986553247e-11,2.22044604925031e-16,-563.98531715157,40.4699999999993
"126",2.22044604925031e-16,2.22044604925031e-16,2.22044604925031e-16,0.00154155204111693,1.95713191047554e-14,2.22044604925031e-16,2.67574695116738e-11,2.22044604925031e-16,-563.985317151569,43.3299999999999
"127",0.000854229349561525,30.9704555321627,249.315161235979,7.08667411720836e-05,2.62572078307907e-07,11.641752537068,70.494426987169,0.00404758924319197,-444.986826865682,84.880000000001
"128",2.22044604925031e-16,2.22044604925031e-16,2.22044604925031e-16,0.00224498857544071,5.25108408636159e-13,2.22044604925031e-16,1.84533144923218e-07,2.22044604925031e-16,-563.985317112378,30.0699999999997
"129",0.000791972794839733,2.68340985583861e-05,3079.18567104593,2.47772445278113e-11,3.21643995715474e-11,12.9954577335353,197.366555761614,0.0166791104194297,-472.514904971982,60.7299999999996
"130",2.22044604925031e-16,2.22044604925031e-16,2.22044604925031e-16,0.00239818780451595,121485.34265904,3.53766198545057e-16,5.53923967860991e-05,2.22044604925031e-16,-563.985316556322,44.3999999999996
"131",2.22044604925031e-16,2.22044604925031e-16,2.22044604925031e-16,0.0029059731237413,69062.6318583206,2.22044604925031e-16,1.02374142426416e-07,2.22044604925031e-16,-563.985317130842,33.4199999999983
"132",1.25764452001762e-13,8.32343149127666e-13,6.96460284747205e-07,4.33472481282396e-06,4.92661491541913e-09,7.65203814529264,196.906415086411,6.134753276923e-06,-487.036087900598,61.6700000000001
"133",3.13653918000251e-12,2.22044604925031e-16,2917.67977527872,0.00291394590390632,2.22044604925031e-16,2.22044604925031e-16,1.43898428523705e-07,2.22044604925031e-16,-563.98531712114,37.7600000000002
"134",1.50866900778466e-12,3.02747390445055e-14,3.98620509596787e-06,2.12318417126502e-08,8.26215573843535e-09,7.65205063845385,196.90589696196,6.34441002637006e-08,-487.035123008845,54.7799999999988
"135",0.00384943064106152,17.1941124336422,59.6866314578725,0.0017401380701158,0.00055607437711721,13.6568441190373,32.3410440292077,0.0973818695278889,-431.795205265632,120.060000000001
"136",3.7545393536471e-13,9.16471062126752e-12,6.52057286098436e-07,7.14431607182284e-07,2.22044604925031e-16,7.65203212889484,196.922162330502,2.30527407915861e-05,-487.034876667532,65.4200000000001
"137",0.00339505518695802,17.5438068209651,308.586240637124,7.84841882711378e-05,0.000505008436054573,13.7529647936606,30.7304867716952,0.0986864508558971,-431.921822517112,145.279999999999
"138",2.22044604925031e-16,2.22044604925031e-16,2.22044604925031e-16,0.00371887525808632,172906342.923816,2.22044604925031e-16,7.44950161792784e-08,2.22044604925031e-16,-563.985317150989,35.8100000000013
"139",2.22044604925031e-16,2.22044604925031e-16,2.22044604925031e-16,0.00270451867287903,0.000849605244391583,2.22044604925031e-16,3.01493543779674e-08,2.22044604925031e-16,-563.98531714519,43.8599999999988
"140",2.22044604925031e-16,2.22044604925031e-16,2.22044604925031e-16,0.00209141225892903,1577.84771747055,2.22044604925031e-16,3.45448937085282e-06,2.22044604925031e-16,-563.985316441523,51.0799999999999
"141",6.26482977721481e-05,0.00338437369219669,0.201901115860269,1.20394896360864e-06,2.26169336454915e-08,7.66335152525592,196.986400158615,0.000686865630294078,-486.978121835079,63.0300000000007
"142",2.22044604925031e-16,2.22044604925031e-16,2.22044604925031e-16,0.0026513949923069,3214.80678683433,2.22044604925031e-16,7.35489067264261e-07,2.22044604925031e-16,-563.985316998049,59.0399999999991
"143",0.000911004691687247,30.9776812403037,1242.39645142557,9.88959250057838e-05,6.84475558583896e-07,11.729635746271,62.8646522192214,0.00432470594787831,-444.706806934333,90.0300000000007
"144",1.08545273458034e-12,2.64341210698873e-14,5.84576511304909e-07,1.82208688547032e-07,2.22044604925031e-16,7.65202241124484,196.922116141854,5.75831725353377e-08,-487.034736512945,73.7200000000012
"145",2.22044604925031e-16,2.22044604925031e-16,1.03396781537655e-13,0.00261663543748185,2.22044604925031e-16,2.22044604925031e-16,4.32707366885056e-10,2.22044604925031e-16,-563.985317151484,42.75
"146",2.08446594192473e-12,1.7909854577577e-14,2.36715505233331e-06,4.83077796054812e-07,5.3608015359593e-10,7.65202988458966,196.943080080095,4.52591804025433e-08,-487.034844489435,74.6599999999999
"147",5.75873409818087e-13,1.04791669207342e-12,3.42485256150655e-07,0.00435974288469326,0.246437323313757,7.65667211336504,62.757768332681,4.34810573620203e-06,-527.377681160496,81.2999999999993
"148",2.22044604925031e-16,2.22044604925031e-16,2.22044604925031e-16,0.00200169864863147,6.33519900301186e-10,2.22044604925031e-16,6.05273022206981e-09,2.22044604925031e-16,-563.985317150288,34.1700000000001
"149",2.22044604925031e-16,2.22044604925031e-16,2.22044604925031e-16,0.00283040049182617,0.0111138172025494,2.22044604925031e-16,4.24298462041701e-07,2.22044604925031e-16,-563.985317061787,59.5099999999984
"150",2.65904988045117e-13,6.88178694017109e-13,5.76911484262524e-07,7.95562752426619e-09,6.9646604508684e-09,7.65217671722613,196.943944335074,3.16047215893604e-06,-487.035049134258,87.4899999999998
"151",0.000889794242518938,0.237717536398818,72.1785049850888,7.28554166657311e-05,3.40376928434199e-07,13.0205899526621,196.563258165551,0.000226125598093153,-472.57826256158,52.1399999999994
"152",2.22044604925031e-16,2.22044604925031e-16,2.22044604925031e-16,0.0032459212559214,0.420153667186321,2.22044604925031e-16,2.31201099621556e-10,2.22044604925031e-16,-563.985317151526,31.7000000000007
"153",1.62172211957163e-11,4.95839054051543e-13,7.61827717698037e-06,5.94885942645643e-07,7.04874278448521e-09,7.65302720940931,196.981215573192,7.9042287104746e-07,-487.035193356983,40.2799999999988
"154",2.22044604925031e-16,2.22044604925031e-16,2.22044604925031e-16,0.00215921445638351,1.97073679741367e-06,2.22044604925031e-16,1.71269278270149e-08,2.22044604925031e-16,-563.985317147935,35.7299999999996
"155",2.22044604925031e-16,2.22044604925031e-16,2.22044604925031e-16,0.00265452536874467,2.83154072270438e-10,2.22044604925031e-16,2.7744986189568e-09,2.22044604925031e-16,-563.985317150987,38.4099999999999
"156",2.22044604925031e-16,2.22044604925031e-16,9.77441205271311e-11,0.00189106997096053,2.22044604925031e-16,2.22044604925031e-16,7.55800181633235e-13,2.22044604925031e-16,-563.985317151575,41.2900000000009
"157",2.22044604925031e-16,2.22044604925031e-16,2.22044604925031e-16,0.00177220169794039,2.30396776629119e-12,2.22044604925031e-16,6.87428578273369e-09,2.22044604925031e-16,-563.985317150111,30.6900000000005
"158",2.22044604925031e-16,2.22044604925031e-16,5.37202314758561e-05,0.00350512747110536,4.78768103426519e-08,2.22044604925031e-16,1.14648744696902e-10,2.22044604925031e-16,-563.985317151551,50.1599999999999
"159",2.22044604925031e-16,2.22044604925031e-16,2.22044604925031e-16,0.00194355870035947,11958.2617900574,2.22044604925031e-16,9.70030372308471e-10,2.22044604925031e-16,-563.985317151369,31.75
"160",2.22044604925031e-16,2.22044604925031e-16,2.22044604925031e-16,0.00260150411834792,7.39017930149037e-07,2.22044604925031e-16,2.42061767359922e-12,2.22044604925031e-16,-563.985317151575,47.9800000000014
"161",3.85672260986795e-12,2.07814616652232e-12,3.24831223617074e-07,0.00257337556074131,0.202524612336618,7.66205811276055,77.5002365465079,2.04840949194363e-06,-527.377912667264,63.0200000000004
"162",0.0127333809815612,15.4456283722308,3.57282399531486,0.0022515017186391,0.00101300283407087,13.639091996005,41.4473777547897,0.0902706289791582,-430.901554324525,150.719999999999
"163",2.22044604925031e-16,2.22044604925031e-16,2.22044604925031e-16,0.00375276353108543,4945.29962894398,2.22044604925031e-16,8.05843319921107e-09,2.22044604925031e-16,-563.98531714988,52.4699999999993
"164",0.00714063251071842,14.3718062626151,21.3332948748767,0.00260781943319831,0.000911075303358573,13,43,0.147542895671679,-712.672791364802,64.5699999999997
"165",3.03200812730079e-12,3.6894049224386e-13,6.92565473222348e-07,0.0036252071974854,0.0975152428897859,7.65632601931089,74.0594867134356,1.01610391348523e-06,-527.145539727254,85.5900000000001
"166",3.28364697243589e-14,2.22044604925031e-16,1251.55379230382,0.00157426406496831,2.22044604925031e-16,2.22044604925031e-16,3.90593670680599e-09,2.22044604925031e-16,-563.985317150742,55.5799999999999
"167",2.00063131020567e-13,9.27341913115289e-12,3.19895532334802e-07,0.00209694300870504,0.0652636107095563,7.66392112585538,91.4606322985064,3.73583574325284e-05,-527.014866551087,74.0100000000002
"168",1.28329071852431e-12,1.32511099347044e-13,1.86291138216715e-06,5.18466100773069e-07,5.34605882885416e-10,7.65743189646374,196.899769929851,4.21812748457011e-07,-487.034744607386,82.1800000000003
"169",0.0071314541784843,16.0788511912312,8.75325706513736,0.00220746132538377,0.000790922250442956,13.6176049906759,37.6574776364453,0.0930419170139822,-431.193910719831,123.720000000001
"170",2.22044604925031e-16,2.22044604925031e-16,4.4827298579523e-14,0.00223741770992922,6.48106820051228e-16,2.22044604925031e-16,1.52850119907129e-11,2.22044604925031e-16,-563.985317151572,27.6999999999989
"171",2.22044604925031e-16,2.22044604925031e-16,2.22044604925031e-16,0.00300188348677641,108.171287608829,2.22044604925031e-16,3.13757193635783e-08,2.22044604925031e-16,-563.985317144943,33.1399999999994
"172",2.22044604925031e-16,2.22044604925031e-16,2.22044604925031e-16,0.0026469328243991,799659.457002559,2.22044604925031e-16,1.7485862332989e-05,2.22044604925031e-16,-563.985317018626,28.9699999999993
"173",2.22044604925031e-16,2.22044604925031e-16,2.44100321081889e-16,0.00205504477286887,1.39945815973613e-15,2.22044604925031e-16,9.5956472852525e-11,2.22044604925031e-16,-563.985317151555,31.25
"174",2.22044604925031e-16,2.22044604925031e-16,2.07326042675641,0.00167374194433239,2.22044604925031e-16,2.22044604925031e-16,2.1827794762726e-09,2.22044604925031e-16,-563.98531715111,29.4200000000001
"175",2.22044604925031e-16,2.22044604925031e-16,2.22044604925031e-16,0.00370223263119489,5125.22531410023,2.22044604925031e-16,8.00873231918705e-11,2.22044604925031e-16,-563.985317151558,28.9199999999983
"176",0.00100020369133703,29.1458264379612,1530.94717203049,4.17956988927106e-05,8.6458035933014e-08,12.0645335434085,60.0172601359261,0.00340157561332898,-444.72280716695,58.9200000000001
"177",2.59094424909718e-12,2.22044604925031e-16,6.29747749697619,0.00227260963604695,2.22044604925031e-16,2.22044604925031e-16,3.28333316696734e-14,2.22044604925031e-16,-563.985317151575,29.5
"178",2.22044604925031e-16,2.22044604925031e-16,2.22044604925031e-16,0.00366258636271519,508958.928472826,2.22044604925031e-16,4.6640187795952e-06,2.22044604925031e-16,-563.985317055674,31.5300000000007
"179",2.22044604925031e-16,2.22044604925031e-16,2.22044604925031e-16,0.00246156558968753,0.000296149357116585,2.22044604925031e-16,2.61423039169672e-06,2.22044604925031e-16,-563.985316597055,31.8900000000012
"180",2.22044604925031e-16,2.22044604925031e-16,2.22044604925031e-16,0.00335720808173397,8.23298813836488e-07,2.22044604925031e-16,1.93123601280353e-11,2.22044604925031e-16,-563.985317151571,28.6400000000012
"181",0.00708778888022993,15.3727203012467,18.098385014236,0.00200862119568745,0.000698409332983906,13,43,0.145511944194778,-689.646613284693,34.2799999999988
"182",2.22044604925031e-16,2.22044604925031e-16,2.22044604925031e-16,0.00253717967215815,6.00404205832485e-13,2.22044604925031e-16,2.50196461636609e-09,2.22044604925031e-16,-563.985317151045,30.1100000000006
"183",2.22044604925031e-16,2.22044604925031e-16,2.22044604925031e-16,0.00226295346762536,0.635713810779107,2.22044604925031e-16,1.72103827885289e-08,2.22044604925031e-16,-563.98531714792,30.0300000000007
"184",6.08715274527404e-13,4.58872490433507e-13,2.49190711878091e-06,7.60215769679163e-07,5.24308613774424e-10,7.65418484057481,196.938806552439,2.1523117697722e-06,-487.034863927827,46.9699999999993
"185",0.00298359473225512,3.42891197802218e-06,4594.87169797661,0.00347356903481444,2.46604665446061e-06,7.47244528923241e-15,7.93453841024753e-07,20.404885425036,-563.985315933295,28.9400000000005
"186",1.22796408859882e-12,1.58342861293686e-13,4.06107625719815e-06,1.30077637154858e-06,1.31154825849655e-09,7.65651886296174,197.016188697453,4.73568157881432e-07,-487.035023902618,46.6900000000005
"187",0.00439783130560463,17.2082834736331,27.7670603739801,0.00302657286513998,0.000602916085597011,13.6224811801128,34.1922679714262,0.0934791421340748,-431.611148133797,64.8500000000004
"188",2.22044604925031e-16,2.22044604925031e-16,1.6623258304331e-08,0.00245347872326281,1.57462494341787e-15,2.22044604925031e-16,4.73167829490911e-12,2.22044604925031e-16,-563.985317151574,28.880000000001
"189",4.25435267820297e-12,2.883955384572e-13,9.88296701724624e-07,1.83361935966924e-06,1.75913958674691e-08,7.65207384035759,196.914901059949,4.66371607125144e-07,-487.036084259707,43.0499999999993
"190",0.000871653538496137,0.447301685519087,134.190660812449,1.87275413482036e-05,1.25640852053955e-06,13.2237538164086,194.455439950425,0.00165102667985315,-472.278785119932,44.0699999999997
"191",0.0104048719645777,16.7840084705058,3.17837221355541,0.00535890031733098,0.000764065004568928,13.1196768827203,51.7267059631581,0.0910430695085257,-433.267016565202,45.25
"192",0.006895084457194,16.1773836511229,9.13640588711253,0.00183268689761586,0.000773356906800225,13.6536173559249,37.7199749656883,0.0929101705889758,-431.203235484642,68.9200000000001
"193",0.0068143385284372,16.2793869577139,10.6483882681731,0.00350683091399788,0.000776313500492277,13.720582510976,32.6830600790658,0.0913795525161901,-431.48373864836,51.2399999999998
"194",0.0113319251638434,15.7637225857356,4.21235334704601,0.00189087100301403,0.000990589791905014,13.5927231198353,39.9983824590914,0.0887128728765179,-430.936997388792,69.3099999999995
"195",2.22044604925031e-16,2.22044604925031e-16,6.40169173865336e-15,0.00214095763207548,5.27284396189669e-09,2.22044604925031e-16,1.65286536910351e-11,2.22044604925031e-16,-563.985317151572,28.75
"196",2.22044604925031e-16,2.22044604925031e-16,2.22044604925031e-16,0.00294578447632065,2.16256972785558,2.22044604925031e-16,6.51692848039012e-07,2.22044604925031e-16,-563.98531701377,28.8500000000004
"197",1.92716962768638e-11,2.90822289436303e-14,8.25154219568664e-06,4.85369375215604e-07,1.20509080148711e-09,7.66099570036769,196.990265917503,3.87106404543444e-08,-487.034749403761,52.3599999999988
"198",2.22044604925031e-16,2.22044604925031e-16,2.57236836559921,0.00277869630458734,2.22044604925031e-16,2.22044604925031e-16,7.8673046621595e-10,2.22044604925031e-16,-563.985317151409,29
"199",0.0033042716776468,17.3934426540968,20429.7349754435,0.00164668512224353,0.000471162094234531,13.5870815653033,31.7720772350063,0.102932174107645,-432.004427608472,62.5899999999983
"200",0.829307753012877,2.22044604925031e-16,61986134.1315863,0.00306506740618933,1.30215211948151e-13,9.18621582098657e-14,0.000980774904665652,9.61812353772419e-13,-563.985109915054,30.880000000001
