"","alpha","beta","omega","death2","pred_nh40","pred_chl0","gamma","loglik","ttime"
"1","NA","NA","NA","NA","NA","NA","NA","NA","0.200000000000728"
"2","NA","NA","NA","NA","NA","NA","NA","NA","0.270000000000437"
"3","NA","NA","NA","NA","NA","NA","NA","NA","0.180000000000291"
"4","1.6955416393506e-06","8.8408456310405e-11","25.5678539462618","3.77869144125561e-10","3.32044441371201","151.583029679972","5.13937796292695e-10","-398.008230721807","36.3099999999995"
"5","NA","NA","NA","NA","NA","NA","NA","NA","0.190000000000509"
"6","2.22044604925031e-16","2.22044604925031e-16","2.22044604925031e-16","193892800877226","2.22044604925031e-16","1.63139320040656e-14","2.22044604925031e-16","-497.838983089523","20.3400000000001"
"7","NA","NA","NA","NA","NA","NA","NA","NA","0.200000000000728"
"8","NA","NA","NA","NA","NA","NA","NA","NA","0.190000000000509"
"9","NA","NA","NA","NA","NA","NA","NA","NA","0.18999999999869"
"10","NA","NA","NA","NA","NA","NA","NA","NA","0.190000000000509"
"11","NA","NA","NA","NA","NA","NA","NA","NA","0.200000000000728"
"12","NA","NA","NA","NA","NA","NA","NA","NA","0.190000000000509"
"13","NA","NA","NA","NA","NA","NA","NA","NA","0.200000000000728"
"14","0.00309117235247592","18.7521027080014","10414.8310757868","2.62956674502738e-07","5.67481454968968","59.8671517790495","108.638538402948","-301.886179599426","61.3099999999995"
"15","NA","NA","NA","NA","NA","NA","NA","NA","0.199999999998909"
"16","NA","NA","NA","NA","NA","NA","NA","NA","0.199999999998909"
"17","NA","NA","NA","NA","NA","NA","NA","NA","0.209999999999127"
"18","0.000911127034815771","65.1491102987493","1508.33862914534","8.34063254186619e-09","4.70028018821236","54.8851160052197","4.66860729682776e-05","-338.933210922755","42.8900000000012"
"19","0.00361994608668719","34.6135281949708","1917.60509604454","0.000761424732008523","5.57851780467613","33.3352248477791","0.0442183531347158","-296.597438142263","83.5599999999995"
"20","NA","NA","NA","NA","NA","NA","NA","NA","0.18999999999869"
"21","NA","NA","NA","NA","NA","NA","NA","NA","0.199999999998909"
"22","NA","NA","NA","NA","NA","NA","NA","NA","0.18999999999869"
"23","1.09959981280445e-10","6.24324396652237e-10","1.0528401176352","2.97973791220333e-09","0.000140450065652112","151.410795024534","7.94335684030456e-07","-454.156930593846","63.8299999999999"
"24","NA","NA","NA","NA","NA","NA","NA","NA","0.200000000000728"
"25","NA","NA","NA","NA","NA","NA","NA","NA","0.200000000000728"
"26","NA","NA","NA","NA","NA","NA","NA","NA","0.209999999999127"
"27","NA","NA","NA","NA","NA","NA","NA","NA","0.200000000000728"
"28","0.0059320527255503","43.7741971952026","154.012144321038","0.000536557018489111","13","43","0.153864500682801","-1451.63637049823","29.9200000000001"
"29","0.00475717956160952","27.5076489208235","387.346858658868","0.00113019621465363","13.0943772277925","43.1931600261208","0.423751192437725","-1503.13081088904","37.5600000000013"
"30","NA","NA","NA","NA","NA","NA","NA","NA","0.199999999998909"
"31","NA","NA","NA","NA","NA","NA","NA","NA","0.199999999998909"
"32","0.0991566037107554","0.575858261773634","48.3059547960434","0.000166354743419461","2.22044604925031e-16","101.613173169302","7.9024554287222","-414.624771780206","71.5399999999991"
"33","0.00316748874265334","18.3526377601296","103.267535360372","4.42941001414158e-08","5.66423546950487","62.0408557132193","647.090198656207","-302.139015315705","77.7099999999991"
"34","NA","NA","NA","NA","NA","NA","NA","NA","0.199999999998909"
"35","2.22044604925031e-16","2.22044604925031e-16","3.44550327463971e+38","0.00185327111899859","2.22044604925031e-16","2.22044604925031e-16","2.22044604925031e-16","-497.838983089523","21.1499999999996"
"36","NA","NA","NA","NA","NA","NA","NA","NA","0.210000000000946"
"37","NA","NA","NA","NA","NA","NA","NA","NA","0.200000000000728"
"38","NA","NA","NA","NA","NA","NA","NA","NA","0.260000000000218"
"39","NA","NA","NA","NA","NA","NA","NA","NA","0.200000000000728"
"40","2.8538737109864e-06","0.00513965728644465","0.684083699679911","1.44810532340731e-08","1.44270564052497e-07","151.444316545851","1278.12562921682","-444.162488698732","39.5900000000001"
"41","0.00598980574672021","34.8750970730907","196.613465316934","0.001254777439329","13","43","0.447671866447665","-1492.75511571672","32.0199999999986"
"42","0.000925696591596238","63.442824994838","75185.3237408739","1.21726830282999e-06","4.71507993760777","55.4889841643624","0.000635891569744539","-338.85052832036","52.1800000000003"
"43","NA","NA","NA","NA","NA","NA","NA","NA","0.200000000000728"
"44","NA","NA","NA","NA","NA","NA","NA","NA","0.190000000000509"
"45","NA","NA","NA","NA","NA","NA","NA","NA","0.209999999999127"
"46","NA","NA","NA","NA","NA","NA","NA","NA","0.199999999998909"
"47","0.00314835562354483","28.6288265762036","220.656991628129","0.00144413873474812","13","43","0.0586365470091502","-924.435637531696","25.8299999999999"
"48","NA","NA","NA","NA","NA","NA","NA","NA","0.200000000000728"
"49","0.00374278842812829","44.3725360218659","234.524618326052","0.000600786404608167","13.0000000000022","43.0000000000032","0.277763314614096","-1546.20412841565","37.0500000000011"
"50","NA","NA","NA","NA","NA","NA","NA","NA","0.190000000000509"
"51","NA","NA","NA","NA","NA","NA","NA","NA","0.200000000000728"
"52","0.00361291734030385","34.713765302396","267986.258611465","0.000760520686827012","5.57927855186541","33.1123228536494","0.0441385176664401","-296.598344820801","62.3500000000004"
"53","NA","NA","NA","NA","NA","NA","NA","NA","0.200000000000728"
"54","NA","NA","NA","NA","NA","NA","NA","NA","0.200000000000728"
"55","NA","NA","NA","NA","NA","NA","NA","NA","0.210000000000946"
"56","NA","NA","NA","NA","NA","NA","NA","NA","0.200000000000728"
"57","NA","NA","NA","NA","NA","NA","NA","NA","0.200000000000728"
"58","NA","NA","NA","NA","NA","NA","NA","NA","0.190000000000509"
"59","0.00362261744870266","34.703839417557","1161.0122680079","0.000763788345223025","5.57811568724582","33.2686501854384","0.0440141450375771","-296.602206294058","49.7999999999993"
"60","NA","NA","NA","NA","NA","NA","NA","NA","0.190000000000509"
"61","NA","NA","NA","NA","NA","NA","NA","NA","0.199999999998909"
"62","NA","NA","NA","NA","NA","NA","NA","NA","0.18999999999869"
"63","103.763948021354","108889122812944","2.22044604925031e-16","71273.0531765508","1.64096749444604e-11","2.22044604925031e-16","0.0296013342115225","-497.838982521881","28.9799999999996"
"64","NA","NA","NA","NA","NA","NA","NA","NA","0.200000000000728"
"65","NA","NA","NA","NA","NA","NA","NA","NA","0.200000000000728"
"66","0.00025462510513136","0.179009388598572","9.2472758774053","5.48993161393761e-07","1.61246390304112e-05","151.493223354724","0.000849402684036292","-454.182667527585","31.6700000000001"
"67","2.22044604925031e-16","2.22044604925031e-16","7.51137448060246e+28","2.22044604925031e-16","2.22044604925031e-16","2.22044604925031e-16","2.22044604925031e-16","-497.838983089523","21.0300000000007"
"68","NA","NA","NA","NA","NA","NA","NA","NA","0.200000000000728"
"69","NA","NA","NA","NA","NA","NA","NA","NA","0.190000000000509"
"70","NA","NA","NA","NA","NA","NA","NA","NA","0.200000000000728"
"71","NA","NA","NA","NA","NA","NA","NA","NA","0.180000000000291"
"72","NA","NA","NA","NA","NA","NA","NA","NA","0.209999999999127"
"73","NA","NA","NA","NA","NA","NA","NA","NA","0.199999999998909"
"74","NA","NA","NA","NA","NA","NA","NA","NA","0.209999999999127"
"75","NA","NA","NA","NA","NA","NA","NA","NA","0.190000000000509"
"76","0.137559850280404","254.251841743451","132425133.277439","0.00124442848035923","0.276763082890598","26.6608565441749","0.00632931751184869","-423.10946120592","59.8600000000006"
"77","NA","NA","NA","NA","NA","NA","NA","NA","0.200000000000728"
"78","NA","NA","NA","NA","NA","NA","NA","NA","0.200000000000728"
"79","2.1238205303909e-13","6.73013900956109e-11","5.22895038639922e-05","1.64163752687718","3.31867276709525","0.709122556559206","8.98675837134493e-05","-441.732346802004","28.9899999999998"
"80","NA","NA","NA","NA","NA","NA","NA","NA","0.199999999998909"
"81","NA","NA","NA","NA","NA","NA","NA","NA","0.190000000000509"
"82","NA","NA","NA","NA","NA","NA","NA","NA","0.200000000000728"
"83","NA","NA","NA","NA","NA","NA","NA","NA","0.200000000000728"
"84","NA","NA","NA","NA","NA","NA","NA","NA","0.200000000000728"
"85","NA","NA","NA","NA","NA","NA","NA","NA","0.190000000000509"
"86","NA","NA","NA","NA","NA","NA","NA","NA","0.190000000000509"
"87","NA","NA","NA","NA","NA","NA","NA","NA","0.200000000000728"
"88","NA","NA","NA","NA","NA","NA","NA","NA","0.190000000000509"
"89","NA","NA","NA","NA","NA","NA","NA","NA","0.190000000000509"
"90","NA","NA","NA","NA","NA","NA","NA","NA","0.209999999999127"
"91","NA","NA","NA","NA","NA","NA","NA","NA","0.179999999998472"
"92","2.80593938285432e-11","8.71659120981279e-10","0.000290772715188345","0.18521809201423","3.31566116500595","17.4697338131991","3.4062023365313e-05","-441.373086213934","27.6800000000003"
"93","NA","NA","NA","NA","NA","NA","NA","NA","0.200000000000728"
"94","0.387210712601626","43.0341273575956","0.0446614728988188","0.0035017584874782","5.42874020185494","34.652013176246","0.0248546964967637","-302.479657548638","79.6100000000006"
"95","NA","NA","NA","NA","NA","NA","NA","NA","0.190000000000509"
"96","NA","NA","NA","NA","NA","NA","NA","NA","0.18999999999869"
"97","NA","NA","NA","NA","NA","NA","NA","NA","0.209999999999127"
"98","NA","NA","NA","NA","NA","NA","NA","NA","0.179999999998472"
"99","NA","NA","NA","NA","NA","NA","NA","NA","0.190000000000509"
"100","0.167075626304917","39.4166501234107","74.8364662805665","0.00390401096912987","1.60402193236482","138.375863145373","0.0261556472733365","-406.590498010023","69.7199999999993"
"101","0.003236384491441","18.14585038565","80.6834092809736","7.82712400802432e-09","5.67076967990925","61.8039391290034","3742.56218745777","-302.185561784757","64.6399999999994"
"102","NA","NA","NA","NA","NA","NA","NA","NA","0.230000000001382"
"103","NA","NA","NA","NA","NA","NA","NA","NA","0.200000000000728"
"104","2.75325684989705e-05","0.498310358356896","0.204088145480156","0.000391810051601467","2.22044604925031e-16","1.61201652169861e-05","2.35192588411929e-08","-497.838978430941","29.9200000000001"
"105","0.000396314896214436","2695.79094653148","0.445082376804954","2.23208495776449","0.0185218830762439","7.77133700807488","0.384238460737763","-472.525140649638","42.9800000000014"
"106","2.22044604925031e-16","2.22044604925031e-16","3.43338261641097e-13","5489950525209.7","2.22044604925031e-16","3.0050957919552e-16","2.22044604925031e-16","-497.838983089523","21.0699999999997"
"107","9.20926879073731e-09","0.00389923428343125","4.31634762456918e-07","3.13492195182145","1.6607257339242e-12","0.000144070575014025","4.31432150780812e-07","-497.838941573952","21.9000000000015"
"108","NA","NA","NA","NA","NA","NA","NA","NA","0.190000000000509"
"109","NA","NA","NA","NA","NA","NA","NA","NA","0.209999999999127"
"110","2.22044604925031e-16","2.22044604925031e-16","14.0513065392652","0.303654444160399","2.22044604925031e-16","0.000113330673240567","2.22044604925031e-16","-497.838950345165","22.0399999999991"
"111","NA","NA","NA","NA","NA","NA","NA","NA","0.200000000000728"
"112","NA","NA","NA","NA","NA","NA","NA","NA","0.190000000000509"
"113","0.0687738046146944","1369.53054944168","746922.006193833","1.90233932838245e-06","0.368436176271335","56.4283099096302","0.0114957035245416","-465.886310983175","58.0200000000004"
"114","2.83693275208042e-08","0.000336947020553007","4.37001199170668e-05","0.194906249156558","4.33017207264673e-16","0.000147160711105755","5.41730015839952e-08","-497.838940569176","22.3999999999996"
"115","NA","NA","NA","NA","NA","NA","NA","NA","0.219999999999345"
"116","NA","NA","NA","NA","NA","NA","NA","NA","0.179999999998472"
"117","NA","NA","NA","NA","NA","NA","NA","NA","0.209999999999127"
"118","NA","NA","NA","NA","NA","NA","NA","NA","0.200000000000728"
"119","NA","NA","NA","NA","NA","NA","NA","NA","0.209999999999127"
"120","NA","NA","NA","NA","NA","NA","NA","NA","0.200000000000728"
"121","NA","NA","NA","NA","NA","NA","NA","NA","0.210000000000946"
"122","NA","NA","NA","NA","NA","NA","NA","NA","0.220000000001164"
"123","NA","NA","NA","NA","NA","NA","NA","NA","0.200000000000728"
"124","NA","NA","NA","NA","NA","NA","NA","NA","0.200000000000728"
"125","NA","NA","NA","NA","NA","NA","NA","NA","0.190000000000509"
"126","NA","NA","NA","NA","NA","NA","NA","NA","0.180000000000291"
"127","NA","NA","NA","NA","NA","NA","NA","NA","0.190000000000509"
"128","NA","NA","NA","NA","NA","NA","NA","NA","0.190000000000509"
"129","4.71390624380166e-06","40072891199.6432","6.46498586861551e-14","1824.21986955924","1.86180414732706e-12","5.90165381927765e-12","438.904473263357","-497.838983089494","26.1099999999988"
"130","3.5077957612592e-13","2.71663608155329e-12","0.000191776135927457","8.05981251718882e-09","3.32148664209858","151.477747765442","2.13833767465402e-06","-398.0862891828","34.9699999999993"
"131","NA","NA","NA","NA","NA","NA","NA","NA","0.200000000000728"
"132","NA","NA","NA","NA","NA","NA","NA","NA","0.200000000000728"
"133","NA","NA","NA","NA","NA","NA","NA","NA","0.190000000000509"
"134","NA","NA","NA","NA","NA","NA","NA","NA","0.200000000000728"
"135","2.72612758489798e-11","2.39731707970075e-13","0.000480172578813525","4.32716299111821e-10","3.32157821710625","151.448824290654","2.5353834289309e-08","-398.085976530587","40.7699999999986"
"136","NA","NA","NA","NA","NA","NA","NA","NA","0.199999999998909"
"137","NA","NA","NA","NA","NA","NA","NA","NA","0.18999999999869"
"138","NA","NA","NA","NA","NA","NA","NA","NA","0.190000000000509"
"139","NA","NA","NA","NA","NA","NA","NA","NA","0.190000000000509"
"140","NA","NA","NA","NA","NA","NA","NA","NA","0.180000000000291"
"141","NA","NA","NA","NA","NA","NA","NA","NA","0.190000000000509"
"142","NA","NA","NA","NA","NA","NA","NA","NA","0.190000000000509"
"143","7.79334214245786e-11","1.60766447812766e-07","8.03663525537865e-05","0.0971341960179249","2.22044604925031e-16","3.62772158917101e-05","4.68373162706777e-09","-497.838972605971","21.9200000000001"
"144","9.29548401643691e-16","4.39274171404359e-13","1.09182682096596e-06","11.2564613010973","3.311315003973","0.203639449317549","2.02573595627641e-05","-441.757950067818","32.2299999999996"
"145","NA","NA","NA","NA","NA","NA","NA","NA","0.200000000000728"
"146","NA","NA","NA","NA","NA","NA","NA","NA","0.220000000001164"
"147","NA","NA","NA","NA","NA","NA","NA","NA","0.210000000000946"
"148","0.00090914485844968","65.1606571674846","10200.0481874664","2.22044604925031e-16","4.70176882298949","54.7902507048122","0.0128654524821373","-338.911523547875","61.9599999999991"
"149","NA","NA","NA","NA","NA","NA","NA","NA","0.209999999999127"
"150","NA","NA","NA","NA","NA","NA","NA","NA","0.219999999999345"
"151","0.483466773481126","1162291.41680088","4.46059383428307e-07","19.7187441416641","3.31068375556157","0.000504177521492869","1.84623795888009e-07","-441.763340453461","34.3599999999988"
"152","NA","NA","NA","NA","NA","NA","NA","NA","0.209999999999127"
"153","NA","NA","NA","NA","NA","NA","NA","NA","0.219999999999345"
"154","0.00387439255948429","44.6387967036339","236.50307964481","0.00130412179957998","13","43","0.0829744477601101","-1374.07502987348","29.8899999999994"
"155","NA","NA","NA","NA","NA","NA","NA","NA","0.200000000000728"
"156","0.00361377183623418","34.7281273100907","6268.31812479147","0.000761610523276411","5.57880461351971","33.1557718302113","0.0440768597737325","-296.598950573963","58.3600000000006"
"157","NA","NA","NA","NA","NA","NA","NA","NA","0.200000000000728"
"158","NA","NA","NA","NA","NA","NA","NA","NA","0.200000000000728"
"159","NA","NA","NA","NA","NA","NA","NA","NA","0.190000000000509"
"160","1.12006893313615e-09","0.000206420345709485","3.02523348588571e-08","0.324650587563461","2.22044604925031e-16","53.6654771090899","0.0210880700886328","-484.890875776383","37.1900000000005"
"161","NA","NA","NA","NA","NA","NA","NA","NA","0.210000000000946"
"162","NA","NA","NA","NA","NA","NA","NA","NA","0.199999999998909"
"163","NA","NA","NA","NA","NA","NA","NA","NA","0.18999999999869"
"164","NA","NA","NA","NA","NA","NA","NA","NA","0.18999999999869"
"165","NA","NA","NA","NA","NA","NA","NA","NA","0.190000000000509"
"166","NA","NA","NA","NA","NA","NA","NA","NA","0.190000000000509"
"167","NA","NA","NA","NA","NA","NA","NA","NA","0.220000000001164"
"168","NA","NA","NA","NA","NA","NA","NA","NA","0.210000000000946"
"169","NA","NA","NA","NA","NA","NA","NA","NA","0.299999999999272"
"170","0.00357781137814909","29.971696419362","357.199878094839","0.000975140412206917","13","43","0.241866651170266","-1427.31045421882","25.9899999999998"
"171","0.933443694665073","266910.901374984","2.53502888689222e-06","0.00266257941729535","0.000532662920399112","34.2735654865601","2.27989235907851e-10","-408.501816211917","129.320000000002"
"172","NA","NA","NA","NA","NA","NA","NA","NA","0.180000000000291"
"173","NA","NA","NA","NA","NA","NA","NA","NA","0.200000000000728"
"174","NA","NA","NA","NA","NA","NA","NA","NA","0.190000000000509"
"175","3.47271345897692","2.14572703503096e-05","1.21833884488299e+24","656197.215357064","2.22044604925031e-16","3.92687891352925e-07","2.22044604925031e-16","-497.838983042182","22.5499999999993"
"176","NA","NA","NA","NA","NA","NA","NA","NA","0.210000000000946"
"177","NA","NA","NA","NA","NA","NA","NA","NA","0.18999999999869"
"178","1.97568522444699","4000280.46263795","3.92715720279422e-06","0.140704674694556","1.80653393551642e-05","0.0121984200293444","6.94415931019003e-05","-440.429850583158","75.2899999999991"
"179","NA","NA","NA","NA","NA","NA","NA","NA","0.200000000000728"
"180","7.25309105491653e-15","1.2253067614787e-13","7.63874162206322e-05","702517863.509342","2.22044604925031e-16","2.76599432045784e-09","2.22044604925031e-16","-497.83898308943","21.2999999999993"
"181","NA","NA","NA","NA","NA","NA","NA","NA","0.209999999999127"
"182","2.22044604925031e-16","2.22044604925031e-16","2.22044604925031e-16","10.4275085563457","2.22044604925031e-16","8.23502958500097e-12","2.22044604925031e-16","-497.838983089521","21.1399999999994"
"183","NA","NA","NA","NA","NA","NA","NA","NA","0.209999999999127"
"184","NA","NA","NA","NA","NA","NA","NA","NA","0.200000000000728"
"185","0.00301631003897404","53.4861657177215","252.105749889356","0.00105126016314685","13","43","0.400375729385763","-1434.26644889886","29.75"
"186","NA","NA","NA","NA","NA","NA","NA","NA","0.190000000002328"
"187","NA","NA","NA","NA","NA","NA","NA","NA","0.210000000002765"
"188","NA","NA","NA","NA","NA","NA","NA","NA","0.190000000002328"
"189","NA","NA","NA","NA","NA","NA","NA","NA","0.19999999999709"
"190","NA","NA","NA","NA","NA","NA","NA","NA","0.18999999999869"
"191","NA","NA","NA","NA","NA","NA","NA","NA","0.18999999999869"
"192","NA","NA","NA","NA","NA","NA","NA","NA","0.190000000002328"
"193","NA","NA","NA","NA","NA","NA","NA","NA","0.180000000000291"
"194","0.00363205486598755","34.7768270891","732.546619112492","0.000769475060549651","5.57813629777395","33.2138668165792","0.0437979892725068","-296.607694926967","54.119999999999"
"195","1.15754640342622e-09","9.94980122164398e-08","26.6354673158447","2.54859519472209","3.31279863278716","0.515111558071433","2.60968312769538e-06","-441.741629762642","85.2999999999993"
"196","NA","NA","NA","NA","NA","NA","NA","NA","0.18999999999869"
"197","NA","NA","NA","NA","NA","NA","NA","NA","0.200000000000728"
"198","0.00364337493225005","34.7740084534561","469.114556399761","0.000769265556687549","5.57787178275563","33.148990929168","0.0438404204715825","-296.616132714511","54.5400000000009"
"199","NA","NA","NA","NA","NA","NA","NA","NA","0.200000000000728"
"200","NA","NA","NA","NA","NA","NA","NA","NA","0.31000000000131"
"201","NA","NA","NA","NA","NA","NA","NA","NA","0.319999999999709"
"202","NA","NA","NA","NA","NA","NA","NA","NA","0.280000000002474"
"203","NA","NA","NA","NA","NA","NA","NA","NA","0.260000000002037"
"204","NA","NA","NA","NA","NA","NA","NA","NA","0.340000000000146"
"205","NA","NA","NA","NA","NA","NA","NA","NA","0.190000000002328"
"206","NA","NA","NA","NA","NA","NA","NA","NA","0.200000000000728"
"207","4.1598557651868e-13","2.73510078845247e-13","36.649221899979","1.91786140132776e-09","9.85572365378459e-08","151.438832781272","7.25557512191985e-07","-454.158906500176","43.9200000000019"
"208","NA","NA","NA","NA","NA","NA","NA","NA","0.200000000000728"
"209","0.00361044969704976","34.6134735106183","3594.23667801094","0.000755007232790154","5.57874562571219","33.3093374883259","0.0444014389632421","-296.598883105684","56.5900000000001"
"210","NA","NA","NA","NA","NA","NA","NA","NA","0.190000000002328"
"211","1.2934584969185e-11","1.99125608451898e-09","0.000894818128531277","0.0648870249042535","3.30812900229656","81.9556984450462","7.05706296016055e-05","-440.922238076474","31.880000000001"
"212","NA","NA","NA","NA","NA","NA","NA","NA","0.190000000002328"
"213","NA","NA","NA","NA","NA","NA","NA","NA","0.180000000000291"
"214","NA","NA","NA","NA","NA","NA","NA","NA","0.200000000000728"
"215","NA","NA","NA","NA","NA","NA","NA","NA","0.18999999999869"
"216","NA","NA","NA","NA","NA","NA","NA","NA","0.209999999999127"
"217","NA","NA","NA","NA","NA","NA","NA","NA","0.169999999998254"
"218","NA","NA","NA","NA","NA","NA","NA","NA","0.220000000001164"
"219","NA","NA","NA","NA","NA","NA","NA","NA","0.200000000000728"
"220","NA","NA","NA","NA","NA","NA","NA","NA","0.18999999999869"
"221","NA","NA","NA","NA","NA","NA","NA","NA","0.209999999999127"
"222","NA","NA","NA","NA","NA","NA","NA","NA","0.200000000000728"
"223","5.93853585889065e-11","2.35693987852486e-09","0.000509349451157551","630217.363834999","2.22044604925031e-16","2.6698093883011e-08","1.36439893062326e-15","-497.838983082543","21.2000000000007"
"224","NA","NA","NA","NA","NA","NA","NA","NA","0.200000000000728"
"225","NA","NA","NA","NA","NA","NA","NA","NA","0.18999999999869"
"226","NA","NA","NA","NA","NA","NA","NA","NA","0.209999999999127"
"227","0.00539407012422729","49.9822606855422","148.732876182587","0.000948333454698635","13","43","0.177795699253989","-1475.71131377128","37.6100000000006"
"228","2.22044604925031e-16","2.22044604925031e-16","2.22044604925031e-16","0.00643753329597301","2.22044604925031e-16","3.30098175941952e-10","2.22044604925031e-16","-497.838983089428","20.8099999999977"
"229","NA","NA","NA","NA","NA","NA","NA","NA","0.200000000000728"
"230","0.000931154421939146","63.681506328841","2840.55124694336","1.15925354024344e-06","4.72590804962233","54.9000025549358","0.00402527230061354","-338.883268568667","52.119999999999"
"231","NA","NA","NA","NA","NA","NA","NA","NA","0.200000000000728"
"232","NA","NA","NA","NA","NA","NA","NA","NA","0.200000000000728"
"233","2.59444159782887e-10","1.44991898386244e-07","8.35019231262693e-05","0.0119148332675094","2.22044604925031e-16","1.89896643565695e-05","3.80618188505024e-09","-497.838977601689","21.3600000000006"
"234","NA","NA","NA","NA","NA","NA","NA","NA","0.190000000002328"
"235","NA","NA","NA","NA","NA","NA","NA","NA","0.180000000000291"
"236","NA","NA","NA","NA","NA","NA","NA","NA","0.18999999999869"
"237","0.00327642237075995","18.1925226189966","65.9485537221665","1.13874442490765e-09","5.6683157509514","61.3661144873154","25865.369312426","-302.268127145981","145.43"
"238","1.08556708454195e-11","1.94871044727369e-10","0.00127763124528456","401404224.025968","2.22044604925031e-16","2.54388848283522e-08","2.22044604925031e-16","-497.838983089179","21.4199999999983"
"239","0.00446982648398111","54.6735071294008","166.015143182487","0.00120847577494181","13","43","0.349043746839277","-1428.19571400221","51.4099999999999"
"240","0.00082878362358721","0.384817033918217","36508.1061524956","2.84175151681632e-08","5.15180548469142","150.547939086346","0.000235784129932379","-365.584176114919","41.2900000000009"
"241","NA","NA","NA","NA","NA","NA","NA","NA","0.190000000002328"
"242","NA","NA","NA","NA","NA","NA","NA","NA","0.200000000000728"
"243","NA","NA","NA","NA","NA","NA","NA","NA","0.180000000000291"
"244","NA","NA","NA","NA","NA","NA","NA","NA","0.18999999999869"
"245","0.00364887393870593","35.1246418844703","571.980289106927","0.000787550630767119","5.57298557242754","32.6640022804629","0.042921119551413","-296.620346591077","54.9399999999987"
"246","0.00361278401989637","34.3925619529099","1788.88150326981","0.000752199346052529","5.58371793765018","33.7318403389299","0.0447071939547285","-296.594890113011","52.6100000000006"
"247","NA","NA","NA","NA","NA","NA","NA","NA","0.19999999999709"
"248","NA","NA","NA","NA","NA","NA","NA","NA","0.18999999999869"
"249","0.15657149160704","24.6678909350114","56014469.4784399","0.000110793306518787","0.0447744425423793","227.420037795847","0.000737032315697403","-432.119963674653","42.0600000000013"
"250","NA","NA","NA","NA","NA","NA","NA","NA","0.18999999999869"
"251","NA","NA","NA","NA","NA","NA","NA","NA","0.209999999999127"
"252","NA","NA","NA","NA","NA","NA","NA","NA","0.200000000000728"
"253","5.46494052883892e-11","1.20290186915744e-09","0.000268596978156754","1.48354758473559e-09","3.32164131927971","151.446785933233","2.47419445061515e-05","-398.086047241558","44.6800000000003"
"254","NA","NA","NA","NA","NA","NA","NA","NA","0.180000000000291"
"255","NA","NA","NA","NA","NA","NA","NA","NA","0.200000000000728"
"256","NA","NA","NA","NA","NA","NA","NA","NA","0.18999999999869"
"257","NA","NA","NA","NA","NA","NA","NA","NA","0.200000000000728"
"258","0.943485468010743","6662.14500993237","85384186473.9512","2.66902824684315e-05","0.00633273213821951","0.237217787469333","0.000641627860607305","-486.83357211465","56.4599999999991"
"259","1.43938416967358","2.54726344487039e-15","0.126926602096944","1.75063828172371e-10","5.78169825181767","151.574462256316","6432944.40682613","-333.197930117218","114.099999999999"
"260","NA","NA","NA","NA","NA","NA","NA","NA","0.200000000000728"
"261","NA","NA","NA","NA","NA","NA","NA","NA","0.18999999999869"
"262","0.00362717805106584","34.6050745413457","860.217713593624","0.000758243991323307","5.57948555346178","33.2589000003026","0.0443539758817333","-296.606860441786","59.239999999998"
"263","NA","NA","NA","NA","NA","NA","NA","NA","0.200000000000728"
"264","0.000136917475907402","0.598980807026441","10.3672238671837","0.0329848786296456","2.22044604925031e-16","0.00117398331276891","2.54977707437711e-07","-497.838643901975","22.0400000000009"
"265","NA","NA","NA","NA","NA","NA","NA","NA","0.209999999999127"
"266","2.22044604925031e-16","2.22044604925031e-16","2.22044604925031e-16","20443920890766.2","2.22044604925031e-16","1.80657035890984e-14","2.22044604925031e-16","-497.838983089523","20.5599999999977"
"267","NA","NA","NA","NA","NA","NA","NA","NA","0.200000000000728"
"268","NA","NA","NA","NA","NA","NA","NA","NA","0.180000000000291"
"269","NA","NA","NA","NA","NA","NA","NA","NA","0.18999999999869"
"270","NA","NA","NA","NA","NA","NA","NA","NA","0.18999999999869"
"271","NA","NA","NA","NA","NA","NA","NA","NA","0.200000000000728"
"272","NA","NA","NA","NA","NA","NA","NA","NA","0.209999999999127"
"273","NA","NA","NA","NA","NA","NA","NA","NA","0.200000000000728"
"274","0.00554231295911351","29.064078204555","245.139930190791","0.00139612454938625","13","43","0.22039837155398","-1436.55577649456","29.3899999999994"
"275","NA","NA","NA","NA","NA","NA","NA","NA","0.209999999999127"
"276","8.43818386771031e-10","3.58159095639398e-06","0.000427593042827033","0.0111839890426829","2.22044604925031e-16","2.11123235819887e-06","2.94679206015435e-09","-497.838982479396","21.7400000000016"
"277","3.27828397708334e-11","1.17579095671851e-07","5.46689849335993e-05","0.0149102306730632","2.22044604925031e-16","2.67801862662967e-05","8.81723442411282e-09","-497.838975350311","22.3899999999994"
"278","0.00362735260574004","34.6131077968426","669.757042245791","0.000761554980735685","5.58048819624019","33.4407797053484","0.044193108797085","-296.605715479214","52.4200000000019"
"279","NA","NA","NA","NA","NA","NA","NA","NA","0.180000000000291"
"280","NA","NA","NA","NA","NA","NA","NA","NA","0.209999999999127"
"281","NA","NA","NA","NA","NA","NA","NA","NA","0.18999999999869"
"282","NA","NA","NA","NA","NA","NA","NA","NA","0.200000000000728"
"283","0.00106838689428528","9344.82485153609","562825.234947768","0.113339117328998","5.26316145938491","79.1575877293552","5.62072215780566e-05","-358.699921047079","150.619999999999"
"284","0.00309684120485448","18.6169972880515","1735.36790376559","2.46884412959629e-06","5.67152685762755","60.5554109916431","11.6072848295509","-301.850391682582","70.619999999999"
"285","NA","NA","NA","NA","NA","NA","NA","NA","0.18999999999869"
"286","2.22044604925031e-16","2.22044604925031e-16","2.22044604925031e-16","2850669538109563","2.22044604925031e-16","2.22044604925031e-16","2.22044604925031e-16","-497.838983089523","21.2900000000009"
"287","NA","NA","NA","NA","NA","NA","NA","NA","0.190000000002328"
"288","NA","NA","NA","NA","NA","NA","NA","NA","0.190000000002328"
"289","NA","NA","NA","NA","NA","NA","NA","NA","0.200000000000728"
"290","NA","NA","NA","NA","NA","NA","NA","NA","0.200000000000728"
"291","4.61302881605563e-09","2.1933415441825e-05","0.000174642146378855","1.26583143154297e-08","2.22044604925031e-16","151.444592843363","3.79366702137145e-06","-454.15938860706","65.7700000000004"
"292","NA","NA","NA","NA","NA","NA","NA","NA","0.19999999999709"
"293","NA","NA","NA","NA","NA","NA","NA","NA","0.209999999999127"
"294","2.29689225730745e-09","1.36971470415779e-05","0.000972075916068578","0.00533248806409591","2.22044604925031e-16","2.68867217940494e-07","9.6506375466376e-10","-497.838983011823","21.5300000000025"
"295","2.48179945733272e-09","2.5081885633666e-07","3.9903220222205","1.17441858516391e-06","3.31612921618851","0.00679258574596832","1.97238267174268e-05","-441.762616537833","40.75"
"296","2.22044604925031e-16","2.22044604925031e-16","2.22044604925031e-16","1358119489771989","2.22044604925031e-16","2.22044604925031e-16","2.22044604925031e-16","-497.838983089523","20.9099999999999"
"297","NA","NA","NA","NA","NA","NA","NA","NA","0.209999999999127"
"298","2.5434558868288e-12","2.43040752990055e-09","1.45734415614295e-05","0.00999523688387281","2.22044604925031e-16","2.56626644804631e-05","3.96279523377112e-09","-497.838975673257","21.7699999999968"
"299","11053.3303182754","16.8452610418498","1.9765016544869e+23","0.130080024004069","7.88335133741739e-13","3.11873256591993e-06","4.03028878261015e-12","-497.838982188229","22.5900000000001"
"300","NA","NA","NA","NA","NA","NA","NA","NA","0.200000000000728"
